核心价值,用户场景,用户痛点,AgentBase 解决方案,备注
提供Agent Harness 虚拟化托管平台，快速上线可用Agent,用户希望使用Agent重构当前的业务流,Agent 搭建高度依赖1、Agent Infra基础设施的就绪 2、需要对harness组件进行选型与部署，存在选择多，部署复杂的问题。,AgentBase 除了提供Agent 所需组件 PasS服务供用户使用高低代码方式开发自己的Agent，新版本提供了一站式Agent Harness托管平台。用户可以直接在平台通过webui/sdk部署完整Harness并进行灵活管控。,
,平台团队要把零散 Agent 项目与资源统一纳入平台治理,业务Agent 常散落在脚本、Prompt、个人配置和不同代码仓中，开发方式多样，版本难管理、交接难、复制难，也无法统一审计和生命周期管理,AgentBase将 Agent 资源拆解为 Blueprint、Session、Vaults、Environment 等原子资源，静态配置与运行态分离，实现标准化托管、编排和分发，帮助业务统一管理Agent Harness。,
,业务团队想快速搭建并简单验证一个财务核对、运营巡检、报表分析 Agent,业务人员知道业务目标，但不会设计 Agent的Prompt、工具和权限等具体配置；Agent 搭建高度依赖专家人工介入，启动慢、沟通成本高,基于AgentBase内置 Meta-Agent，在Agent工坊页面使用自然语言需求转成 Agent Blueprint 草稿，自动推荐与交互式操作MCP、Skill、Prompt 与凭证绑定，并支持一键拉起测试 Agent Session 实例闭环验证。,
助力企业能力沉淀为可复用的 Agent Skill 资产,多个团队都要接入 OA、CRM、知识库、工单、报销等企业内部系统,每个项目都重复封装接口、重复处理权限和字段映射，开发成本高，质量不一致，维护也分散,将连接内部系统的能力抽象为标准 Skill 与 Skill Package，由平台统一管理、检索和分发，避免重复造轮子,
,业务人员想在高代码场景里快速调用现成企业能力,即使企业内部已有能力沉淀，业务人员也不知道去哪里找、能不能用、是否安全可用，导致复用率低,在 Agent Factory 中直接查阅和检索经过验证的 Skill 组件，并按需嵌入 Blueprint，降低调用门槛,
,开发者希望在自研系统、微服务或应用代码里复用 Agent 能力,很多平台能力只能在画布里使用，不能进入业务系统代码，形成“平台可用、工程不可用”的孤岛,支持开发者通过 AgentBase SDK 原生调取 Skill Package，让同一套能力同时服务低代码与高代码场景,
为高风险 Agent 执行构建可信安全边界,Agent 在执行过程中动态生成 Python 代码、数据处理脚本或临时逻辑,生成代码具有不确定性，可能触发高内存消耗、异常依赖、危险调用甚至网络探测，直接运行在宿主环境里风险极高,使用 Sandbox as a Tool，将未知代码发往轻量、无状态、即用即销毁的沙箱执行，只返回安全结果，隔离风险外溢,
,企业要运行处理敏感数据、访问内网系统的重型业务 Agent,"一旦执行边界不清晰，Agent 可能越过网络边界访问不该访问的服务，或在共享环境中造成数据泄露与横向风险。
如果没有出入站白名单和环境级网络控制，Agent 的工具调用范围难以约束，安全团队无法放心放权","1、Agent Factory中部署的Agent Session采用 Agent in Sandbox 模式，将完整 Agent Harness 部署在独占隔离域中。
2、将网络访问权限收敛到 Environment 层做统一配置，通过白名单、隔离域和运行时策略限制 Agent 可访问的外部与内网资源",
,不同身份用户触发同一个 Agent，但必须严格按各自权限运行,传统做法常把密钥写在应用配置里，导致 Agent 拿着系统统一权限执行，容易形成越权代理和权限串号风险,通过 Vaults 做凭证集中托管，Blueprint 不携带敏感凭证，Session 在运行时进行隔离，按触发者身份动态挂载对应 Vaults,
,团队运行的数据分析、代码执行或文件处理任务依赖复杂运行环境,运行前临时装包、手工配环境、不同任务环境不一致，容易导致“本地能跑、线上跑不起来”，同时拉长启动时间,通过 Environment 预定义 Python 镜像、依赖包列表及各类语言运行依赖，Session 在启动前完成依赖准备或按预置虚拟盘块挂载，实现标准化环境与秒级冷启动,
让 Agent 全生命周期运行可观测、可审计、可治理,业务方反馈 Agent 输出错误，研发需要快速定位问题源头,传统日志只能看到接口结果，无法判断问题来自模型推理、工具参数、文件输入还是下游服务异常,基于 Event-Sourced Session 与结构化事件流，追踪 user、agent、session、span 等链路，帮助快速定位具体故障点,
,沙箱偶发崩溃、OOM 或依赖异常，架构团队要做事后复盘,无状态执行环境往往失败即销毁，留下的上下文非常有限，无法还原出错现场，根因分析效率低,采集 Sandbox 的 stdout、stderr、Exception Stack、OOM 等终末信息，回传并纳入系统审计与观测体系,
,高风险动作如发邮件、删记录、改数据需要人工放行,如果没有审批阻断与留痕机制，企业很难满足安全、审计和内控要求，也不敢把 Agent 用到真实生产流程中,借助 HITL 机制，对高风险步骤进行人工审批、灰度放行与全链路留痕，并将请求流量和审批痕迹写入不可变审计日志,
